{
  "frontend/eslint.config.js": 1777574374.8656092,
  "frontend/tailwind.config.ts": 1777575113.9428904,
  "frontend/postcss.config.js": 1777575108.4678373,
  "frontend/vite.config.ts": 1777574415.258619,
  "frontend/src/App.tsx": 1777577571.9637263,
  "frontend/src/main.tsx": 1777575584.6691494,
  "frontend/src/vite-env.d.ts": 1777574374.866469,
  "frontend/src/stores/priceStore.ts": 1777575808.8900385,
  "frontend/src/pages/NotFoundPage.tsx": 1777575558.868928,
  "frontend/src/pages/DashboardPage.tsx": 1777576383.5987868,
  "frontend/src/pages/AssetsPage.tsx": 1777576616.2548964,
  "frontend/src/pages/SettingsPage.tsx": 1777577633.102053,
  "frontend/src/pages/PortfolioPage.tsx": 1777576381.5477886,
  "frontend/src/pages/OrdersPage.tsx": 1777576612.1428897,
  "frontend/src/hooks/useAssets.ts": 1777575870.2715464,
  "frontend/src/hooks/useWebSocket.ts": 1777577672.3162646,
  "frontend/src/hooks/use-toast.ts": 1777575178.0935054,
  "frontend/src/hooks/usePortfolio.ts": 1777575857.980445,
  "frontend/src/hooks/useOrders.ts": 1777575864.1234956,
  "frontend/src/hooks/usePositions.ts": 1777575860.0964622,
  "frontend/src/hooks/useOrderMutations.ts": 1777575868.3885307,
  "frontend/src/lib/utils.ts": 1777575122.8409767,
  "frontend/src/lib/api.ts": 1777575725.882346,
  "frontend/src/lib/constants.ts": 1777575720.7933033,
  "frontend/src/components/ui/skeleton.tsx": 1777575178.252507,
  "frontend/src/components/ui/button.tsx": 1777575177.542968,
  "frontend/src/components/ui/toast.tsx": 1777575178.0415049,
  "frontend/src/components/ui/tooltip.tsx": 1777575177.941504,
  "frontend/src/components/ui/dropdown-menu.tsx": 1777575178.1805062,
  "frontend/src/components/ui/input.tsx": 1777575177.7025018,
  "frontend/src/components/ui/separator.tsx": 1777575178.2175066,
  "frontend/src/components/ui/card.tsx": 1777575177.6135008,
  "frontend/src/components/ui/table.tsx": 1777575177.8975036,
  "frontend/src/components/ui/tabs.tsx": 1777575178.2935073,
  "frontend/src/components/ui/badge.tsx": 1777575177.6595013,
  "frontend/src/components/ui/sheet.tsx": 1777575177.9945045,
  "frontend/src/components/ui/toaster.tsx": 1777575178.1305058,
  "frontend/src/components/ui/select.tsx": 1777575177.7865026,
  "frontend/src/components/ui/dialog.tsx": 1777575177.842503,
  "frontend/src/components/portfolio/SummaryCards.tsx": 1777576345.51183,
  "frontend/src/components/portfolio/PositionsTable.tsx": 1777577596.4478564,
  "frontend/src/components/assets/AssetPriceRow.tsx": 1777576607.6618829,
  "frontend/src/components/layout/Sidebar.tsx": 1777575525.5826406,
  "frontend/src/components/layout/BottomTabBar.tsx": 1777575531.8416948,
  "frontend/src/components/layout/Header.tsx": 1777575534.7397199,
  "frontend/src/components/orders/OrderForm.tsx": 1777577612.633943,
  "frontend/src/components/orders/CancelDialog.tsx": 1777576558.427817,
  "frontend/src/components/orders/OrdersTable.tsx": 1777576524.9147854,
  "frontend/src/components/shared/StalePriceBadge.tsx": 1777576113.2605288,
  "frontend/src/components/shared/WsReconnectBanner.tsx": 1777576117.1575603,
  "frontend/src/components/shared/PriceTicker.tsx": 1777576106.478474,
  "frontend/src/components/shared/EmptyState.tsx": 1777576078.7592497,
  "frontend/src/components/shared/LoadingSkeleton.tsx": 1777576177.2950456,
  "frontend/src/components/shared/ErrorBanner.tsx": 1777576068.7711687,
  "backend/debug_price.py": 1777311246.3329117,
  "backend/tests/test_orders.py": 1776787607.4318676,
  "backend/tests/test_portfolio.py": 1776789014.1755316,
  "backend/tests/conftest.py": 1776788194.551686,
  "backend/tests/__init__.py": 1776248407.8243804,
  "backend/tests/unit/__init__.py": 1776248408.1213782,
  "backend/tests/integration/__init__.py": 1776248408.423376,
  "backend/app/config.py": 1777395150.325844,
  "backend/app/database.py": 1776247829.983093,
  "backend/app/main.py": 1776787516.1836727,
  "backend/app/__init__.py": 1776247829.3761039,
  "backend/app/tasks/__init__.py": 1776788148.1191368,
  "backend/app/tasks/order_monitor.py": 1776787078.9130094,
  "backend/app/cache/models.py": 1777313497.5882988,
  "backend/app/cache/manager.py": 1776248010.510309,
  "backend/app/cache/__init__.py": 1776248009.899317,
  "backend/app/api/deps.py": 1776248329.179987,
  "backend/app/api/__init__.py": 1776248328.8639894,
  "backend/app/api/routes/prices.py": 1776248329.794982,
  "backend/app/api/routes/orders.py": 1776787161.8732295,
  "backend/app/api/routes/portfolio.py": 1776787375.6778212,
  "backend/app/api/routes/__init__.py": 1776248329.4869845,
  "backend/app/services/execution_service.py": 1776785509.900699,
  "backend/app/services/portfolio_service.py": 1777565439.9724998,
  "backend/app/services/order_service.py": 1777565941.7660022,
  "backend/app/services/__init__.py": 1776788147.8348436,
  "backend/app/websocket/manager.py": 1776248217.6709719,
  "backend/app/websocket/__init__.py": 1776248217.3579748,
  "backend/app/models/portfolio.py": 1776784683.0135927,
  "backend/app/models/__init__.py": 1776788147.5502272,
  "backend/app/models/order.py": 1776784428.1407418,
  "backend/app/providers/yfinance_provider.py": 1777313658.7198727,
  "backend/app/providers/schemas.py": 1776247903.4238584,
  "backend/app/providers/base.py": 1776247903.7338533,
  "backend/app/providers/__init__.py": 1776247903.1018634,
  "backend/app/providers/coingecko_provider.py": 1777313699.889218,
  "backend/app/providers/registry.py": 1776248149.2146626,
  "backend/htmlcov/coverage_html_cb_dd2e7eb5.js": 1777570064.4030752,
  "MANUAL_TESTING_GUIDE.txt": 1777570076.719596,
  "CLAUDE.md": 1775982175.0604856,
  "README.md": 1776249730.4787705,
  "frontend/README.md": 1777574374.8652995,
  "backend/requirements.txt": 1776248434.787187,
  "docs/superpowers/plans/2026-04-15-phase-1-data-infrastructure.md": 1776246226.136529,
  "graphify-out/GRAPH_REPORT.md": 1777641564.6830437,
  "frontend/public/vite.svg": 1777574374.8659363,
  "backend/htmlcov/favicon_32_cb_c827f16f.png": 1777570064.4032507,
  "backend/htmlcov/keybd_closed_cb_900cfef5.png": 1777570064.4031773
}